library,nid,name,stub_address
sceAudio,0x01562BA3,,0x08B7FD9C
sceAudio,0x2D53F36E,,0x08B7FDA4
sceAudio,0x43196845,,0x08B7FDAC
sceAudio,0x136CAF51,,0x08B7FDB4
sceAudio,0x13F592BC,,0x08B7FDBC
sceAudio,0x5EC81C55,,0x08B7FDC4
sceAudio,0x6FC46853,,0x08B7FDCC
sceAudio,0x95FD0C2D,,0x08B7FDD4
sceAudio,0xB011922F,,0x08B7FDDC
sceAudio,0xB7E1D8E7,,0x08B7FDE4
sceAudio,0xCB2E439E,,0x08B7FDEC
sceAudio,0xE2D56B2D,,0x08B7FDF4
sceSasCore,0x019B25EB,,0x08B80004
sceSasCore,0x07F58C24,,0x08B8000C
sceSasCore,0x267A6DD2,,0x08B80014
sceSasCore,0x2C8E6AB3,,0x08B8001C
sceSasCore,0x33D4AB37,,0x08B80024
sceSasCore,0x42778A9F,,0x08B8002C
sceSasCore,0x440CA7D8,,0x08B80034
sceSasCore,0x50A14DFC,,0x08B8003C
sceSasCore,0x5F9529F6,,0x08B80044
sceSasCore,0x68A46B95,,0x08B8004C
sceSasCore,0x74AE582A,,0x08B80054
sceSasCore,0x76F01ACA,,0x08B8005C
sceSasCore,0x787D04D5,,0x08B80064
sceSasCore,0x99944089,,0x08B8006C
sceSasCore,0x9EC3676A,,0x08B80074
sceSasCore,0xA0CF2FA4,,0x08B8007C
sceSasCore,0xA3589D81,,0x08B80084
sceSasCore,0xAD84D37F,,0x08B8008C
sceSasCore,0xB7660A23,,0x08B80094
sceSasCore,0xBD11B7C2,,0x08B8009C
sceSasCore,0xCBCD4F79,,0x08B800A4
sceSasCore,0xD1E0A01E,,0x08B800AC
sceSasCore,0xD5A229C9,,0x08B800B4
sceSasCore,0xE175EF66,,0x08B800BC
sceSasCore,0xE1CD9561,,0x08B800C4
sceSasCore,0xE855BF76,,0x08B800CC
sceSasCore,0xF983B186,,0x08B800D4
sceLibFont,0x099EF33C,,0x08B7FEC4
sceLibFont,0x0DA7535E,,0x08B7FECC
sceLibFont,0x27F6E642,,0x08B7FED4
sceLibFont,0x3AEA8CB6,,0x08B7FEDC
sceLibFont,0x574B6FBC,,0x08B7FEE4
sceLibFont,0x67F17ED7,,0x08B7FEEC
sceLibFont,0x74B21701,,0x08B7FEF4
sceLibFont,0x980F4895,,0x08B7FEFC
sceLibFont,0xA834319D,,0x08B7FF04
sceLibFont,0xBC75D85B,,0x08B7FF0C
sceLibFont,0xDCC80C2F,,0x08B7FF14
sceLibFont,0xF8F0752E,,0x08B7FF1C
sceDisplay,0x0E20F177,,0x08B7FE14
sceDisplay,0x289D82FE,,0x08B7FE1C
sceDisplay,0x46F186C3,,0x08B7FE24
sceDisplay,0x77ED8B3A,,0x08B7FE2C
sceDisplay,0x984C27E7,,0x08B7FE34
sceDisplay,0x9C6EAAD7,,0x08B7FE3C
sceDisplay,0xDBA6C4C4,,0x08B7FE44
sceDisplay,0xEEDA2E54,,0x08B7FE4C
sceGe_user,0x03444EB4,,0x08B7FE5C
sceGe_user,0x05DB22CE,,0x08B7FE64
sceGe_user,0x1C0D95A6,,0x08B7FE6C
sceGe_user,0x1F6752AD,sceGeEdramGetSize,0x08B7FE74
sceGe_user,0x4C06E472,,0x08B7FE7C
sceGe_user,0xA4FC06A4,,0x08B7FE84
sceGe_user,0xAB49E76A,,0x08B7FE8C
sceGe_user,0xB287BD61,,0x08B7FE94
sceGe_user,0xB448EC0D,,0x08B7FE9C
sceGe_user,0xDC93CFEF,,0x08B7FEA4
sceGe_user,0xE0D68148,,0x08B7FEAC
sceGe_user,0xE47E40E4,sceGeEdramGetAddr,0x08B7FEB4
sceCtrl,0x1F4011E6,sceCtrlSetSamplingMode,0x08B7FDFC
sceCtrl,0x1F803938,sceCtrlReadBufferPositive,0x08B7FE04
sceCtrl,0xA7144800,,0x08B7FE0C
IoFileMgrForUser,0x42EC03AC,sceIoWrite,0x08B7FACC
IoFileMgrForUser,0x54F5FB11,sceIoDevctl,0x08B7FAD4
IoFileMgrForUser,0x6A638D83,sceIoRead,0x08B7FADC
IoFileMgrForUser,0x71B19E77,,0x08B7FAE4
IoFileMgrForUser,0x810C4BC3,sceIoClose,0x08B7FAEC
IoFileMgrForUser,0x89AA9906,,0x08B7FAF4
IoFileMgrForUser,0xA0B5A7C2,,0x08B7FAFC
IoFileMgrForUser,0xAB96437F,,0x08B7FB04
IoFileMgrForUser,0xACE946E8,sceIoGetstat,0x08B7FB0C
IoFileMgrForUser,0xB293727F,sceIoChangeAsyncPriority,0x08B7FB14
IoFileMgrForUser,0xB29DDF9C,sceIoDopen,0x08B7FB1C
IoFileMgrForUser,0xE23EEC33,,0x08B7FB24
IoFileMgrForUser,0xE3EB004C,sceIoDread,0x08B7FB2C
IoFileMgrForUser,0xEB092469,sceIoDclose,0x08B7FB34
IoFileMgrForUser,0xFF5940B6,,0x08B7FB3C
IoFileMgrForUser,0x109F50BC,sceIoOpen,0x08B7FB44
IoFileMgrForUser,0x27EB27B8,sceIoLseek,0x08B7FB4C
IoFileMgrForUser,0x3251EA56,,0x08B7FB54
IoFileMgrForUser,0x35DBD746,,0x08B7FB5C
IoFileMgrForUser,0x779103A0,,0x08B7FB64
Kernel_Library,0x092968F4,,0x08B7FB6C
Kernel_Library,0xA089ECA4,,0x08B7FB74
Kernel_Library,0xBEA46419,,0x08B7FB7C
Kernel_Library,0x15B6446B,,0x08B7FB84
Kernel_Library,0x1839852A,,0x08B7FB8C
Kernel_Library,0x293B45B8,,0x08B7FB94
Kernel_Library,0x5F10D406,,0x08B7FB9C
LoadExecForUser,0x05572A5F,,0x08B7FBA4
LoadExecForUser,0x4AC57943,sceKernelRegisterExitCallback,0x08B7FBAC
ModuleMgrForUser,0x2E0911AA,,0x08B7FBB4
ModuleMgrForUser,0xD1FF982A,,0x08B7FBBC
ModuleMgrForUser,0xD8B73127,,0x08B7FBC4
ModuleMgrForUser,0x50F0C1EC,,0x08B7FBCC
ModuleMgrForUser,0x977DE386,,0x08B7FBD4
ModuleMgrForUser,0xF0A26395,,0x08B7FBDC
ModuleMgrForUser,0x8F2DF740,,0x08B7FBE4
SysMemUserForUser,0xF77D77CB,sceKernelSetCompilerVersion,0x08B7FC04
SysMemUserForUser,0x35669D4C,,0x08B7FC0C
SysMemUserForUser,0x13A5ABEF,sceKernelPrintf,0x08B7FC14
SysMemUserForUser,0x237DBD4F,sceKernelAllocPartitionMemory,0x08B7FC1C
SysMemUserForUser,0x9D9A5BA1,sceKernelGetBlockHeadAddr,0x08B7FC24
SysMemUserForUser,0xB6D61D02,sceKernelFreePartitionMemory,0x08B7FC2C
ThreadManForUser,0xCEADEB47,sceKernelDelayThread,0x08B7FC34
ThreadManForUser,0xD59EAD2F,,0x08B7FC3C
ThreadManForUser,0xD6DA4BA1,sceKernelCreateSema,0x08B7FC44
ThreadManForUser,0x1FB15A32,sceKernelSetEventFlag,0x08B7FC4C
ThreadManForUser,0xE81CAF8F,sceKernelCreateCallback,0x08B7FC54
ThreadManForUser,0xEA748E31,sceKernelChangeCurrentThreadAttr,0x08B7FC5C
ThreadManForUser,0xEDBA5844,sceKernelDeleteCallback,0x08B7FC64
ThreadManForUser,0xEF9E4C70,sceKernelDeleteEventFlag,0x08B7FC6C
ThreadManForUser,0xF475845D,sceKernelStartThread,0x08B7FC74
ThreadManForUser,0xF8170FBE,,0x08B7FC7C
ThreadManForUser,0x278C0DF5,sceKernelWaitThreadEnd,0x08B7FC84
ThreadManForUser,0x28B6489C,sceKernelDeleteSema,0x08B7FC8C
ThreadManForUser,0x349D6D6C,,0x08B7FC94
ThreadManForUser,0x369ED59D,sceKernelGetSystemTimeLow,0x08B7FC9C
ThreadManForUser,0x3F53E640,sceKernelSignalSema,0x08B7FCA4
ThreadManForUser,0x402FCF22,sceKernelWaitEventFlag,0x08B7FCAC
ThreadManForUser,0x446D8DE6,sceKernelCreateThread,0x08B7FCB4
ThreadManForUser,0x4E3A1105,sceKernelWaitSema,0x08B7FCBC
ThreadManForUser,0x55C20A00,sceKernelCreateEventFlag,0x08B7FCC4
ThreadManForUser,0x58B1F937,,0x08B7FCCC
ThreadManForUser,0x60107536,,0x08B7FCD4
ThreadManForUser,0x68DA9E36,sceKernelDelayThreadCB,0x08B7FCDC
ThreadManForUser,0x6B30100F,,0x08B7FCE4
ThreadManForUser,0x6D212BAC,,0x08B7FCEC
ThreadManForUser,0x71BC9871,,0x08B7FCF4
ThreadManForUser,0x75156E8F,,0x08B7FCFC
ThreadManForUser,0x812346E4,sceKernelClearEventFlag,0x08B7FD04
ThreadManForUser,0x17C1684E,,0x08B7FD0C
ThreadManForUser,0x94AA61EE,,0x08B7FD14
ThreadManForUser,0x9944F31F,,0x08B7FD1C
ThreadManForUser,0x9ACE131E,,0x08B7FD24
ThreadManForUser,0x9FA03CD3,,0x08B7FD2C
ThreadManForUser,0xAA73C935,,0x08B7FD34
ThreadManForUser,0x19CFF145,,0x08B7FD3C
ThreadManForUser,0xB011B11F,,0x08B7FD44
ThreadManForUser,0xB7D098C6,,0x08B7FD4C
ThreadManForUser,0x328C546A,sceKernelWaitEventFlagCB,0x08B7FD54
ThreadManForUser,0x5BF4DD27,,0x08B7FD5C
UtilsForUser,0x79D1C3FA,sceKernelDcacheWritebackAll,0x08B7FD64
UtilsForUser,0xB435DEC5,sceKernelDcacheWritebackInvalidateAll,0x08B7FD6C
UtilsForUser,0x34B9FA9E,sceKernelDcacheWritebackInvalidateRange,0x08B7FD74
UtilsForUser,0x3EE30821,sceKernelDcacheWritebackRange,0x08B7FD7C
UtilsForUser,0x71EC4271,,0x08B7FD84
UtilsForUser,0x91E4F6A7,,0x08B7FD8C
UtilsForUser,0x27CC57F0,,0x08B7FD94
sceSuspendForUser,0x090CCB3F,sceKernelPowerTick,0x08B800DC
sceMpeg,0x0E3C2E9D,,0x08B7FF24
sceMpeg,0x13407F13,,0x08B7FF2C
sceMpeg,0x167AFD9E,,0x08B7FF34
sceMpeg,0x21FF80E4,,0x08B7FF3C
sceMpeg,0x37295ED8,,0x08B7FF44
sceMpeg,0x42560F23,,0x08B7FF4C
sceMpeg,0x4571CC64,,0x08B7FF54
sceMpeg,0x591A4AA2,,0x08B7FF5C
sceMpeg,0x606A4649,,0x08B7FF64
sceMpeg,0x611E9E11,,0x08B7FF6C
sceMpeg,0x682A619B,,0x08B7FF74
sceMpeg,0x707B7629,,0x08B7FF7C
sceMpeg,0x740FCCD1,,0x08B7FF84
sceMpeg,0x800C44DF,,0x08B7FF8C
sceMpeg,0x874624D6,,0x08B7FF94
sceMpeg,0xA780CF7E,,0x08B7FF9C
sceMpeg,0xB240A59E,,0x08B7FFA4
sceMpeg,0xB5F6DC87,,0x08B7FFAC
sceMpeg,0xC132E22F,,0x08B7FFB4
sceMpeg,0xCEB870B1,,0x08B7FFBC
sceMpeg,0xD7A29F46,,0x08B7FFC4
sceMpeg,0xD8C5F121,,0x08B7FFCC
sceMpeg,0xE1CE83A7,,0x08B7FFD4
sceMpeg,0xF8DCB679,,0x08B7FFDC
sceMpeg,0xFE246728,,0x08B7FFE4
sceUmdUser,0x20628E6F,,0x08B800E4
sceUmdUser,0x46EBB729,sceUmdCheckMedium,0x08B800EC
sceUmdUser,0x4A9E5E29,,0x08B800F4
sceUmdUser,0x6AF9B50A,,0x08B800FC
sceUmdUser,0x6B4A146C,sceUmdGetDriveStat,0x08B80104
sceUmdUser,0x8EF08FCE,sceUmdWaitDriveStat,0x08B8010C
sceUmdUser,0xAEE7404D,sceUmdRegisterUMDCallBack,0x08B80114
sceUmdUser,0xBD2BDE07,sceUmdUnRegisterUMDCallBack,0x08B8011C
sceUmdUser,0xC6183D47,sceUmdActivate,0x08B80124
sceDmac,0x617F3FE6,,0x08B7FE54
scePower,0x04B7766E,,0x08B7FFEC
scePower,0xDFA8BAF8,,0x08B7FFF4
scePower,0xEBD177D6,,0x08B7FFFC
sceUtility,0x2A2B3DE0,,0x08B8012C
sceUtility,0x2AD8E239,,0x08B80134
sceUtility,0x50C4CD57,,0x08B8013C
sceUtility,0x67AF3428,,0x08B80144
sceUtility,0x8874DBE0,,0x08B8014C
sceUtility,0x95FC253B,,0x08B80154
sceUtility,0x9790B33C,,0x08B8015C
sceUtility,0x9A1C91D7,,0x08B80164
sceUtility,0xD4B95FFB,,0x08B8016C
sceUtility,0xE49BFE92,,0x08B80174
sceImpose,0x36AA6E91,,0x08B7FEBC
scesupPreAcc,0x110E318B,,0x08B8017C
scesupPreAcc,0x2EC3F4D9,,0x08B80184
scesupPreAcc,0x348BA3E2,,0x08B8018C
scesupPreAcc,0x7ADA3927,,0x08B80194
scesupPreAcc,0x86DEBD66,,0x08B8019C
scesupPreAcc,0xA0EAF444,,0x08B801A4
scesupPreAcc,0xB03FF882,,0x08B801AC
StdioForUser,0x172D316E,,0x08B7FBEC
StdioForUser,0xA6BAB2E9,,0x08B7FBF4
StdioForUser,0xF78BA90A,,0x08B7FBFC
